,0,,,,,,,
0,other key players,,,,,,,"changed, change in next column"
1,vs. hybrids,,Non-frame,,,,,
2,feeding them,,,,,,,removed
3,cuban harms,,,,,,,
4,vs. alternatives,,Non-frame,,,,,
5,us-arguments,,"us-specific, removing us leads to non-frame",,,,,
6,space ring,,,,,,,
7,deaths,,,,,,,
8,inevitable,,,,,,,
9,saddam hussein,,Political?,,,,,
10,good measure,,,,,,,
11,food-source,,,,,,,
12,activists,,,,,,,
13,nature,,,,,,,
14,national title,,,,,,,
15,fisa,,,,,,,
16,achievement,,,,,,,
17,on or off menus,,,,,,,
18,greenhouse gases,,,,,,,
19,ticking time bomb,,,,,,,
20,vocations,,,,,,,
21,users,,,,,,,
22,hugo chavez,,Political?,,,,,
23,dropouts,,,,,,,
24,ecology,,,,,,,
25,treatment,,,,,,,
26,planet,,,,,,,
27,united states,,country (non frame),,,,,
28,death toll,,,,,,,
29,individual,,,,,,,
30,learning,,,,,,,
31,emissions/global warming,,,,,,,
32,status quo,,,,,,,
33,history of sovereignty,,,,,,,
34,child,,,,,,,
35,aborigines,,people (non frame),,,,,
36,ostracizing hunters,,,,,,,
37,environmental effects,,,,,,,
38,alternatives,,,,,,,
39,insurgency fight,,,,,,,
40,changing behavior,,,,,,,
41,iraqis,,people (non frame),,,,,
42,china/india outsourcing,,,,,,,
43,slippery slope,,,,,,,
44,essential goods,,,,,,,
45,loose housing,,,,,,,
46,effectivity,,,,,,,
47,values,,,,,,,
48,choice issues,,,,,,,
49,impact,,,,,,,
50,general solvency,,,,,,,
51,stemming immigration,,,,,,,
52,technology,,,,,,,
53,college,,,,,,,
54,vs other candidates,,,Other candidates,,,,
55,development,,,,,,,
56,maturity,,,,,,,
57,part of game,,,,,,,
58,crops,,,,,,,
59,water-use,,,,,,,
60,family,,,,,,,
61,nootka sound convention,,non-frame,,,,,
62,growth,,,,,,,
63,efficacy,,,,,,,
64,pro/con sources,,,,,,,
65,psychology,,,,,,,
66,exploitation,,,,,,,
67,albania,,country (non frame),,,,,
68,china,,country (non frame),,,,,
69,mutual attraction,,,,,,,
70,generations,,,,,,,
71,nuclear fallout,,,,,,,
72,vs. hydrogen,,,hydrogen,,,,
73,conventional bombs,,,,,,,
74,champs,,,,,,,
75,sudan,,country (non frame),,,,,
76,vs. nuclear,,,nuclear,,,,
77,birds,,,,,,,
78,marriage/family,,,,,,,
79,fishing,,,,,,,
80,analogous services,,,,,,,
81,pressure,,,,,,,
82,on campus,,,,,,,
83,false dichotomy,,,,,,,
84,updates,,,,,,,
85,darfur,,region(non frame),,,,,
86,priority/inevitable,,,,,,,
87,odor,,,,,,,
88,arguments,,non frame,,,,,
89,innate problems,,,,,,,
90,reducing emissions,,,,,,,
91,other impacts,,,,,,,
92,energy,,,,,,,
93,decentralized journalism,,,,,,,
94,leaders,,,,,,,
95,vs. national role,,,national role,,,,
96,women,,non frame,,,,,
97,production,,,,,,,
98,social,,,,,,,
99,"vs. ""non-treatment""",,,non-treatment,,,,
100,space heating,,,,,,,
101,kosovo viability,,,,,,,
102,planning,,,,,,,
103,earned,,,,,,,
104,specialization,,,,,,,
105,effect on companies,,Economic?,,,,,
106,personality traits,,,,,,,
107,location,,,,,,,
108,celebrities,,,,,,,
109,stable country,,,,,,,
110,timing,,,,,,,
111,relationships,,,,,,,
112,recruits,,,,,,,
113,network owners,,,,,,,
114,personality,,,,,,,
115,emergency contact,,,,,,,
116,management,,,,,,,
117,model principles,,,,,,,
118,iraq,,country (non frame),,,,,
119,precedent,,,,,,,
120,endangered,,,,,,,
121,systemic bias,,,,,,,
122,in the world,,,,,,,
123,stability,,,,,,,
124,false accusation,,,,,,,
125,abstinence message,,,,,,,
126,recognition,,,,,,,
127,deserving,,,,,,,
128,employees,,,,,,,
129,interests,,,,,,,
130,egypt,,country (non frame),,,,,
131,classes,,,,,,,
132,abandoned claims,,,,,,,
133,proportionality,,,,,,,
134,workers,,,,,,,
135,migrants,,,,,,,
136,argument 2,,non-frame,,,,,
137,sentient beings,,,,,,,
138,functionality,,,,,,,
139,righting past wrongs,,,,,,,
140,self-determination,,,,,,,
141,impact on children,,,,,,,
142,tactics,,,,,,,
143,separation of powers,,,,,,,
144,us interests,,,,,,,
145,legitimacy,,,,,,,
146,batteries,,,,,,,
147,accomplishments,,,,,,,
148,robots,,,,,,,
149,reciprocity,,,,,,,
150,miscellaneous pro and con arguments,,non-frame,,,,,
151,car insurance,,,,,,,
152,vs. independence,,,independance,,,,
153,measuring merit,,,,,,,
154,waste,,,,,,,
155,prolonged isolation,,,,,,,
156,energy crunch,,,,,,,
157,deficit,,,,,,,
158,capital flight,,,,,,,
159,weak states,,,,,,,
160,notice,,,,,,,
161,unilateralism,,,,,,,
162,until marriage,,,,,,,
163,sun,,,,,,,
164,parenting,,,,,,,
165,thought,,non-frame,,,,,
166,self-improvement,,,,,,,
167,families,,,,,,,
168,hutches,,,,,,,
169,other solutions,,,,,,,
170,poland,,country (non frame),,,,,
171,special interests,,,,,,,
172,proliferation,,,,,,,
173,others,,,,,,,
174,israeli society,,,,,,,
175,vs imf,,,imf,,,,
176,global integration,,,,,,,
177,value,,,,,,,
178,animal benefits,,,,,,,
179,argentinian independence,,,,,,,
180,assoc,,,,,,,
181,natural disasters,,,,,,,
182,vital interests,,,,,,,
183,reproduction,,,,,,,
184,agreement,,,,,,,
185,containing growth,,,,,,,
186,life lessons,,,,,,,
187,as fuel,,,,,,,
188,s. ossetia independence,,region(non frame),,,,,
189,vows,,,,,,,
190,value of education,,,,,,,
191,effectiveness of ban,,,,,,,
192,colleges/applicants,,,,,,,
193,stereotypes vs. reality,,,,,,,
194,reputation,,,,,,,
195,database,,,,,,,
196,time,,,,,,,
197,"defining ""denial""",,non-frame,,,,,
198,popular demands,,,,,,,
199,citizen decisions,,,,,,,
200,feasibility of change,,,,,,,
201,weighty statements,,,,,,,
202,concentration,,,,,,,
203,mail-in re-vote,,Political?,,,,,
204,barrages,,,,,,,
205,teachers,,,,,,,
206,motivations,,,,,,,
207,sulfur dioxide,,,,,,,
208,intelligence sources,,,,,,,
209,hypocrisy,,,,,,,
210,youth participation,,,,,,,
211,habitat,,,,,,,
212,non-corn ethanol,,,,,,,
213,palestinians,,people (non frame),,,,,
214,instant-replay ump,,,,,,,
215,companies,,,,,,,
216,exposure,,,,,,,
217,vs. scripted shows,,,scripted shows,,,,
218,standards,,,,,,,
219,disadvantaged,,,,,,,
220,activist organizations,,,,,,,
221,eugenics,,,,,,,
222,chinese governance,,,,,,,
223,performance,,,,,,,
224,tibet,,,,,,,
225,empowering women,,,,,,,
226,growing government,,,,,,,
227,pakistan,,country (non frame),,,,,
228,us commitment,,,commitment,,,,
229,double standard,,,,,,,
230,ambiguity,,,,,,,
231,pregnancy,,,,,,,
232,sex education issues,,,,,,,
233,vs. public insurance,,,public insurance,,,,
234,intelligence,,,,,,,
235,vs capitalism (see also debate,,,capitalism,,,,
236,efficiency,,,,,,,
237,interests of living victims,,,,,,,
238,kosovo,,country (non frame),,,,,
239,merit,,,,,,,
240,socializing,,,,,,,
241,infrastructure,,,,,,,
242,carrying papers,,,,,,,
243,children,,,,,,,
244,interference,,,,,,,
245,emissions,,,,,,,
246,incumbency,,,,,,,
247,corporations,,,,,,,
248,public service,,,,,,,
249,iran,,country (non frame),,,,,
250,assisting quiting,,,,,,,
251,arbitration,,,,,,,
252,aumf?,,vague (non frame),,,,,
253,tang dynasty (618-907),,,,,,,
254,size,,,,,,,
255,georgia,,country or state (non frame),,,,,
256,obligatory,,,,,,,
257,state interests,,,,,,,
258,small states,,,,,,,
259,geography,,,,,,,
260,commitment,,,,,,,
261,innovation,,,,,,,
262,consumption/taste,,,,,,,
263,incumbent,,,,,,,
264,maintenance,,,,,,,
265,individual effects,,,,,,,
266,in us history,,,,,,,
267,air-quality,,,,,,,
268,family size,,,,,,,
269,pragmatism,,,,,,,
270,chinese response,,,,,,,
271,footprint,,,,,,,
272,citizenship,,,,,,,
273,independence vs. union,,vs argument,,,,,
274,space exploration,,,,,,,
275,activism,,,,,,,
276,expanded membership,,,,,,,
277,interest groups,,,,,,,
278,eu opinion,,,,,,,
279,cosmetics,,,,,,,
280,university administrators,,,,,,,
281,affecting protection choices,,,,,,,
282,silent mode,,,,,,,
283,powers,,,,,,,
284,products,,,,,,,
285,starting point,,,,,,,
286,last resort,,,,,,,
287,claims,,,,,,,
288,information,,,,,,,
289,strategic value,,,,,,,
290,advertisements,,,,,,,
291,poor system,,,,,,,
292,original vote,,,,,,,
293,mars,,planet (non frame),,,,,
294,viewer esteem,,,,,,,
295,images in islam,,,,,,,
296,bad apples,,,,,,,
297,discipline,,,,,,,
298,creationism as science,,,,,,,
299,exceptionality,,,,,,,
300,future efforts,,,,,,,
301,implementation,,,,,,,
302,needy,,,,,,,
303,importance,,,,,,,
304,traffic,,,,,,,
305,urgency,,,,,,,
306,gay influence,,,,,,,
307,israel,,country (non frame),,,,,
308,home-heating,,,,,,,
309,affirmative action,,,,,,,
310,state consistency,,,,,,,
311,croatia,,country (non frame),,,,,
312,engine compatibility,,,,,,,
313,entertainment,,,,,,,
314,child development,,,,,,,
315,private investments,,,,,,,
316,graduated response,,,,,,,
317,sunnis,,,,,,,
318,postal rates,,,,,,,
319,the consumer,,,,,,,
320,china/india,,country (non frame),,,,,
321,consumption,,,,,,,
322,russia,,country (non frame),,,,,
323,dependency,,,,,,,
324,libel/misinformation,,,,,,,
325,hitler,,,,,,,
326,aig recovery,,,,,,,
327,serious problem,,,,,,,
328,aggression,,,,,,,
329,vietnam comparison,,,,,,,
330,future impact,,,,,,,
331,popular support,,,,,,,
332,temporary,,,,,,,
333,parental authority,,,,,,,
334,compromise,,,,,,,
335,science,,,,,,,
336,demonstration,,,,,,,
337,risks,,,,,,,
338,historic opinion,,,,,,,
339,voluntary action,,,,,,,
340,environment/batteries,,,,,,,
341,relevant symbol,,,,,,,
342,processes,,,,,,,
343,present,,,,,,,
344,stabilizer?,,,,,,,
345,humanity,,,,,,,
346,problem,,,,,,,
347,vs rep government,,,rep government,,,,
348,state sovereignty,,,,,,,
349,male interests,,,,,,,
350,fresh faces vs. amateurs,,,,,,,
351,the children,,,,,,,
352,turnaround,,,,,,,
353,administrative costs,,,,,,,
354,killing calves,,,,,,,
355,changing menus,,,,,,,
356,self-regulations,,,,,,,
357,tobacco ads,,,,,,,
358,post-cold war,,,,,,,
359,quality,,,,,,,
360,during recession,,,,,,,
361,image/relations,,,,,,,
362,special case,,,,,,,
363,vs. alcohol etc,,,Alcohol,,,,
364,consequences,,,,,,,
365,aid agencies,,,,,,,
366,practicality,,,,,,,
367,message,,,,,,,
368,water supply,,,,,,,
369,administration,,,,,,,
370,spirit,,,,,,,
371,usage,,,,,,,
372,democratic process,,,,,,,
373,captivity,,,,,,,
374,us contributions,,,contributions,,,,
375,cellulosic,,,,,,,
376,differentiated responsibilities,,,,,,,
377,young women,,,,,,,
378,opinion,,,,,,,
379,viability,,,,,,,
380,vs. britannica,,,britannica,,,,
381,ming dynasty (1368-1644),,,,,,,
382,energy independence,,,,,,,
383,sex,,,,,,,
384,industry,,,,,,,
385,vs treatment,,,treatment,,,,
386,fisheries,,,,,,,
387,significance,,,,,,,
388,party system,,,,,,,
389,protecting players,,,,,,,
390,muslim relations,,,,,,,
391,in world,,vague non frame,,,,,
392,hunting,,,,,,,
393,professional networking,,,,,,,
394,general history,,,,,,,
395,vetting climate solutions,,,,,,,
396,past aid,,,,,,,
397,agriculture,,,,,,,
398,retention,,,,,,,
399,training,,,,,,,
400,the flag was waving and rippling,,,,,,,
401,support,,,,,,,
402,independence vs. autonomy,,,,,,,
403,ukraine,,country (non frame),,,,,
404,rarity,,,,,,,
405,general access,,,,,,,
406,broad strategy,,,,,,,
407,intervention,,,,,,,
408,non-participation,,,,,,,
409,reasonable suspicion,,,,,,,
410,to preserve or save artifacts,,,,,,,
411,partying,,,,,,,
412,general,,,,,,,
413,patriotism,,,,,,,
414,quality and value,,,,,,,
415,new orleans,,city (non frame),,,,,
416,contract,,,,,,,
417,way #1: value way,,non frame,,,,,
418,individual responsibility,,,,,,,
419,crop-eradication,,,,,,,
420,decency,,,,,,,
421,romany schools,,,,,,,
422,red tides,,,,,,,
423,position,,,,,,,
424,donor countries,,,,,,,
425,history,,,,,,,
426,by-catch,,,,,,,
427,vs. solar,,,,,,,
428,iraqi constitution,,,,,,,
429,blockade,,,,,,,
430,democratic agenda,,,,,,,
431,producer states,,,,,,,
432,immediacy,,,,,,,
433,sex tourism,,,,,,,
434,vs. mandates,,,,,,,
435,juvenile jurisdiction,,,,,,,
436,pre-existing conditions,,,,,,,
437,disarmament,,,,,,,
438,public,,,,,,,
439,mixed approach,,,,,,,
440,other evidence,,,,,,,
441,discovery,,,,,,,
442,secret prisons,,,,,,,
443,islamic faith,,,,,,,
444,students,,,,,,,
445,natural,,,,,,,
446,consensus,,,,,,,
447,marriage institution,,,,,,,
448,natural expansion,,,,,,,
449,female interests,,,,,,,
450,urban development,,,,,,,
451,sovereignty,,,,,,,
452,intimidation,,,,,,,
453,effect on wild fish,,,,,,,
454,recreation,,,,,,,
455,relations,,,,,,,
456,sexualization,,,,,,,
457,turbines,,,,,,,
458,general election,,,,,,,
459,czech republic,,country (non frame),,,,,
460,peer review,,,,,,,
461,pesticides,,,,,,,
462,case studies,,,,,,,
463,oil replacement,,,,,,,
464,status,,,,,,,
465,mineral exploitation,,,,,,,
466,surveillance,,,,,,,
467,way #2,,non frame,,,,,
468,dc non-state,,,,,,,
469,parental exploitation,,,,,,,
470,pro/con industries,,,,,,,
471,legal acadamia,,,,,,,
472,statehood,,,,,,,
473,hands-free phones,,,,,,,
474,smaller states,,,,,,,
475,symbol,,,,,,,
476,iceland,,country (non frame),,,,,
477,general humaneness,,,,,,,
478,abuse,,,,,,,
479,ecosystems,,,,,,,
480,influence,,,,,,,
481,co-opting bowls,,,,,,,
482,the pro and con arguments,,non frame,,,,,
483,individuals,,,,,,,
484,emperor,,,,,,,
485,anti-dumping measures,,,,,,,
486,environment/general,,,,,,,
487,in cities,,,,,,,
488,other,,already in main frames,,,,,
489,vs private sector,,,,,,,
490,united kingdom,,country (non frame),,,,,
491,scientific community,,,,,,,
492,animals as commodities,,,,,,,
493,kurds,,,,,,,
494,proliferation/npt,,,,,,,
495,problem-solving,,,,,,,
496,momentum,,,,,,,
497,popularity,,,,,,,
498,love,,,,,,,
499,historically,,,,,,,
500,value of debate,,,,,,,
501,sustainability,,,,,,,
502,ocean ecosystems,,,,,,,
503,islamic democracy,,,,,,,
504,chechen sovereignty,,,,,,,
505,victims,,,,,,,
506,international cooperation vs interdependence,,,,,,,
507,irrational actor,,,,,,,
508,colonial legacy,,,,,,,
509,kosovo precedent,,,,,,,
510,strategy,,,,,,,
511,marriage stability,,,,,,,
512,scalability,,,,,,,
513,vs. air travel,,,air travel,,,,
514,regional stability,,,,,,,
515,middle east,,region (non frame),,,,,
516,pristine environment?,,,,,,,
517,precautionary principle,,,,,,,
518,japan's case,,,,,,,
519,war on christmas,,,,,,,
520,oil,,,,,,,
521,office effectiveness,,,,,,,
522,clean coal,,,,,,,
523,sweden,,,,,,,
524,decision-making,,,,,,,
525,pro/con organizations,,,,,,,
526,consultation,,,,,,,
527,npr/pbs,,,,,,,
528,consensus model,,,,,,,
529,responsibility,,,,,,,
530,atmospheric c02,,,,,,,
531,charging,,,,,,,
532,learning english,,,,,,,
533,massachussetts,,state (non frame),,,,,
534,employers,,,,,,,
535,permanent president of the european council,,,,,,,
536,false choice,,,,,,,
537,vs. rockets,,,,,,,
538,academics,,,,,,,
539,lying,,,,,,,
540,confidence,,,,,,,
541,guest workers,,,,,,,
542,socially,,,,,,,
543,marine ecosystems,,,,,,,
544,change,,,,,,,
545,priorities,,,,,,,
546,voluntary,,,,,,,
547,work environment,,,,,,,
548,smegma,,,,,,,
549,"armenian ""genocide""",,,,,,,
550,mccain's age,,,,,,,
551,parental responsibility,,,,,,,
552,screening,,,,,,,
553,consumer pressure,,,,,,,
554,collateral damage,,,,,,,
555,immediate stimulus,,,,,,,
556,power,,,,,,,
557,immigration,,,,,,,
558,inclusiveness,,,,,,,
559,teacher rights,,,,,,,
560,teacher authority,,,,,,,
561,free-riders,,,,,,,
562,business,,Economic?,,,,,
563,electric grid,,,,,,,
564,impact on violence,,,,,,,
565,unions,,,,,,,
566,defining negativity,,,,,,,
567,verification,,,,,,,
568,winning,,,,,,,
569,vs. electric vehicles,,,electric vehicles,,,,
570,mandates,,,,,,,
571,israeli security,,,,,,,
572,blissful ignorance,,,,,,,
573,auto comparison,,,,,,,
574,climate change,,,,,,,
575,palestinian life,,,,,,,
576,responsible marketplace,,,,,,,
577,state authority,,,,,,,
578,researching it,,,,,,,
579,environment,,,,,,,
580,side-effects,,,,,,,
581,vs. electric,,,electric,,,,
582,completeness,,,,,,,
583,free association,,,,,,,
584,clone,,,,,,,
585,euro,,,,,,,
586,vs. hydrogen cars,,,hydrogen cars,,,,
587,moderation,,,,,,,
588,music as art,,,,,,,
589,broken cameras,,,,,,,
590,associations,,,,,,,
591,historical figures,,,,,,,
592,power abuse,,,,,,,
593,two-party moderation,,,,,,,
594,vs. automatic enrollment,,,automatic enrollment,,,,
595,for baseball,,,,,,,
596,surfers,,,,,,,
597,reality,,,,,,,
598,parents,,,,,,,
599,social gain,,,,,,,
600,direct democracy,,,,,,,
601,crowding,,,,,,,
602,averting crises,,,,,,,
603,experience,,,,,,,
604,effectiveness,,,,,,,
605,teen pregnancy,,,,,,,
606,debaters' attitude towards life,,,,,,,
607,brazil,,country (non frame),,,,,
608,in korea,,,,,,,
609,symbolism,,,,,,,
610,party power,,,,,,,
611,playing god/nature,,,,,,,
612,other options,,,,,,,
613,consumers,,,,,,,
614,leadership,,,,,,,
615,practice,,,,,,,
616,institution of marriage,,,,,,,
617,join operations,,,,,,,
618,doctor/parent role,,,,,,,
619,vs. restriction,,,restriction,,,,
620,party interest,,,,,,,
621,sectoral standards,,,,,,,
622,without saddam,,,,,,,
623,demographic shifts,,,,,,,
624,the individual,,,,,,,
625,research,,,,,,,
626,property,,,,,,,
627,need,,,,,,,
628,speeding cameras,,,,,,,
629,child abuse,,,,,,,
630,athletes,,,,,,,
631,innocents,,,,,,,
632,needing the money,,,,,,,
633,algae biofuels,,,,,,,
634,surrender,,,,,,,
635,manipulation,,,,,,,
636,good/bad stimulus,,,,,,,
637,donor impact,,,,,,,
638,lftr reactors,,,,,,,
639,settlements,,,,,,,
640,pretext for war,,,,,,,
641,image,,,,,,,
642,irony,,,,,,,
643,state powers,,,,,,,
644,family integrity,,,,,,,
645,human factor,,,,,,,
646,diplomatic feel,,,,,,,
647,luck,,,,,,,
648,flexibility,,,,,,,
649,from developed nations,,,,,,,
650,access,,,,,,,
651,meritocracy,,,,,,,
652,bad zookeepers,,,,,,,
653,developing countries,,,,,,,
654,modern media,,,,,,,
655,backlash,,,,,,,
656,cooperatives,,,,,,,
657,compassion,,,,,,,
658,ceo pay,,,,,,,
659,lng,,vague,,,,,
660,principles,,,,,,,
661,social effects,,,,,,,
662,level playing field,,,,,,,
663,media,,,,,,,
664,student measurement,,,,,,,
665,fans,,,,,,,
666,unions/advocacy,,,,,,,
667,scholars,,,,,,,
668,grain diets,,,,,,,
669,authority,,,,,,,
670,global warming crisis,,,,,,,
671,environmental justice,,,,,,,
672,car insurance analogy,,,,,,,
673,individual representation,,,,,,,
674,coordination,,,,,,,
675,accountability,,,,,,,
676,states,,,,,,,
677,weather resistance,,,,,,,
678,coca products,,,,,,,
679,justification,,,,,,,
680,dynasty,,,,,,,
681,corporate responsibility,,,,,,,
682,theory,,,,,,,
683,respecting victims,,,,,,,
684,beauty,,,,,,,
685,social aspects,,,,,,,
686,birth control,,,,,,,
687,local use,,,,,,,
688,oil exploration,,,,,,,
689,marine wildlife,,,,,,,
690,influence of ads,,,,,,,
691,wind energy,,,,,,,
692,default,,,,,,,
693,state budgets,,,,,,,
694,tie-breaking,,,,,,,
695,safeguards,,,,,,,
696,sources,,,,,,,
697,reliability,,,,,,,
698,recount concerns,,,,,,,
699,consistency,,,,,,,
700,balloon effect,,,,,,,
701,establishment clause,,,,,,,
702,installation,,,,,,,
703,teaching the controversy,,,,,,,
704,efficiency and productivity,,,,,,,
705,chinese users,,,,,,,
706,animal rights,,,,,,,
707,framers,,,,,,,
708,vs upgrading,,,upgrading,,,,
709,blame for conflict,,,,,,,
710,evolution,,,,,,,
711,bi-partisanship,,,,,,,
712,the route,,,,,,,
713,developing growth,,,,,,,
714,abortions and abandonment,,,,,,,
715,exemptions,,,,,,,
716,secret deal,,,,,,,
717,"vs. ""clean coal""",,,clean coal,,,,
718,civil unions,,,,,,,
719,historical roots,,,,,,,
720,future prospects,,,,,,,
721,humaneness,,,,,,,
722,palestinian territory,,,,,,,
723,employer mandate,,,,,,,
724,translocation,,,,,,,
725,examples,,,,,,,
726,at risk,,,,,,,
727,school,,,,,,,
728,splitting delegates,,,,,,,
729,consumption levels,,,,,,,
730,checks,,,,,,,
731,unique harms,,,,,,,
732,appearances,,,,,,,
733,worker's rights,,,,,,,
734,wwii dues paid?,,,,,,,
735,blame,,,,,,,
736,in schools,,,,,,,
737,iraqi will,,,,,,,
738,social/democratic,,,,,,,
739,activists' intentions,,,,,,,
740,charity,,,,,,,
741,coalition will,,,,,,,
742,future,,,,,,,
743,choice,,,,,,,
744,bih democracy,,,,,,,
745,editor-experience,,,,,,,
746,net energy,,,,,,,
747,sexual role,,,,,,,
748,lives,,,,,,,
749,reanalyzing evidence,,,,,,,
750,covenant vs no-fault,,,,,,,
751,shiites,,,,,,,
752,npov,,,,,,,
753,right of return,,,,,,,
754,ideological distinctions,,,,,,,
755,abroad,,,,,,,
756,utility,,,,,,,
757,deterrence,,,,,,,
758,exploration,,,,,,,
759,storage,,,,,,,
760,deep water oxygen depletion,,,,,,,
761,replacements,,,,,,,
762,acting on speech,,,,,,,
763,bison migrations,,,,,,,
764,youtube videos pro and con,,vague,,,,,
765,demolishing dams,,,,,,,
766,vs other sports,,"vs, removing leads to non frame",,,,,
767,noise,,,,,,,
768,frame,,,,,,,
769,iran problem,,,,,,,
770,eezs,,,,,,,
771,passion,,,,,,,
772,differences,,,,,,,
773,character,,,,,,,
774,global warming,,,,,,,
775,vs. other biofuels,,,biofuels,,,,
776,characteristics,,,,,,,
777,effects,,,,,,,
778,renewable,,,,,,,
779,scholars and journalist stances,,,,,,,
780,cheating,,,,,,,
781,civilians,,,,,,,
782,restriction,,,,,,,
783,privileged partnership,,,,,,,
784,promises,,,,,,,
785,vs. surgical castration,,,surgical castration,,,,
786,other symbols,,,,,,,
787,dmv employees,,,,,,,
788,internationally,,,,,,,
789,third parties,,,,,,,
790,bad assets,,,,,,,
791,suspense,,,,,,,
792,national symbol,,,,,,,
793,radiation,,,,,,,
794,argument 1,,non frame,,,,,
795,natural gas vehicles,,,,,,,
796,past deportations,,,,,,,
797,jewish state,,,,,,,
798,israel's image,,,,,,,
799,wildlife,,,,,,,
800,demand for beauty,,,,,,,
801,palestinian state,,,,,,,
802,small nations,,,,,,,
803,tibetan governance,,,,,,,
804,pain,,,,,,,
805,solutions,,,,,,,
806,facts,,,,,,,
807,uninsured,,,,,,,
808,delays,,,,,,,
809,decolonization,,,,,,,
810,us-indian relations,,,,,,,
811,cap,,,,,,,
812,energy security,,,,,,,
813,favor,,,,,,,
814,jewish interests,,,,,,,
815,banning categories,,,,,,,
816,eu,,,,,,,
817,japanese whaling,,,,,,,
818,prosecution,,,,,,,
819,modernity,,,,,,,
820,genocide,,,,,,,
821,in society,,,,,,,
822,sodomy and health,,,,,,,
823,parenthood,,,,,,,
824,physical damage,,,,,,,
825,youth,,,,,,,
826,capabilities,,,,,,,
827,past atrocities,,,,,,,
828,popular legitimacy,,,,,,,
829,us approved lines,,,,,,,
830,burma,,,,,,,
831,fiscal accountability,,,,,,,
832,diplomatic recognition,,,,,,,
833,sexuality,,,,,,,
834,rape,,,,,,,
835,effect on sexual behavior,,,,,,,
836,america,,country (non frame),,,,,
837,urgency to act,,,,,,,
838,waste of time,,,,,,,
839,balance,,,,,,,
840,nato in kosovo,,,,,,,
841,mission,,,,,,,
842,test results/benefits,,,,,,,
843,community integration,,,,,,,
844,tourism,,,,,,,
845,rules,,,,,,,
846,historical lessons,,,,,,,
847,un effectiveness,,,,,,,
848,victims' families,,,,,,,
849,environment/land-use,,,,,,,
850,inspiration,,,,,,,
851,vs. renewables,,,,,,,
852,faiths,,,,,,,
853,charging air travelers,,,,,,,
854,on-the-ground,,,,,,,
855,strong management,,,,,,,
856,elephant populations,,,,,,,
857,artists,,,,,,,
858,necessity,,,,,,,
859,popular will,,,,,,,
860,attention,,,,,,,
861,qing dynasty (1644-1911),,,,,,,
862,incumbents,,Political?,,,,,
863,rebelliousness,,,,,,,
864,china bloc,,,,,,,
865,natural gas,,,,,,,
866,rediscovery,,,,,,,
867,mongols/yuan dynasty (1271-1368),,,,,,,
868,commerce clause,,,,,,,
869,cyprus,,country (non frame),,,,,
870,exceptions,,,,,,,
871,relations/stability,,,,,,,
872,grand-standing,,,,,,,
873,locals,,,,,,,
874,relationships and communication,,,,,,,
875,competition,,,,,,,
876,lives lost,,,,,,,
877,woman vs. black man,,,,,,,
878,government duty,,,,,,,
879,logical next step,,,,,,,
880,harm,,,,,,,
881,vs other bailouts,,,bailouts,,,,
882,moon-to-mars,,,,,,,
883,prevention,,,,,,,
884,life-style,,,,,,,
885,family friend,,,,,,,
886,guilt as criteria,,,,,,,
887,bible,,,,,,,
888,first cousins,,,,,,,
889,broader fight,,,,,,,
890,international community,,,,,,,
891,the surge,,,,,,,
892,adultery,,,,,,,
893,error-rates,,,,,,,
894,convention,,,,,,,
895,us-specific,,,,,,,
896,barbarous procedure,,,,,,,
897,availability,,,,,,,
898,warming trend,,,,,,,
899,targeted assassinations,,,,,,,
900,accessibility and context,,,,,,,
901,church,,,,,,,
902,family violence,,,,,,,
903,players,,,,,,,
904,vs. adult stem cells,,,adult stem cells,,,,
905,bodily strain,,,,,,,
906,europe,,,,,,,
907,restructuring,,,,,,,
908,making us safer?,,,,,,,
909,justice/desert,,,,,,,
910,creativity,,,,,,,
911,safety/meltdown,,,,,,,
912,skills and knowledge,,,,,,,
913,iraq war vote,,Political,,,,,
914,joining russia,,,,,,,
915,controversies,,,,,,,
916,incentives,,,,,,,
917,local effects,,,,,,,
918,social contract,,,,,,,
919,business practices,,,,,,,
920,argument 3,,non frame,,,,,
921,intentions of mosque,,,,,,,
922,dayton accords,,,,,,,
923,buy american,,,,,,,
924,aesthetics,,,,,,,
925,marriage defined,,,,,,,
926,non-experts,,,,,,,
927,communication,,,,,,,
928,upholding christianity,,,,,,,
929,donations,,,,,,,
930,simplicity,,,,,,,
931,other distractions,,,,,,,
932,fossil fuel dependence,,,,,,,