Specific frame,Nils annotation,Thijs annotation,IS EQUAL
other key players,,,TRUE
vs. hybrids,,,TRUE
feeding them,,,TRUE
cuban harms,,,TRUE
vs. alternatives,,,TRUE
us-arguments,,,TRUE
space ring,,,TRUE
deaths,,,TRUE
inevitable,,,TRUE
saddam hussein,,,TRUE
good measure,,,TRUE
food-source,,,TRUE
activists,,,TRUE
nature,,,TRUE
national title,,,TRUE
fisa,,,TRUE
achievement,,,TRUE
on or off menus,,,TRUE
greenhouse gases,,,TRUE
ticking time bomb,,,TRUE
vocations,,,TRUE
users,,,TRUE
hugo chavez,,,TRUE
dropouts,,,TRUE
ecology,,,TRUE
treatment,,,TRUE
planet,,,TRUE
united states,,,TRUE
death toll,,,TRUE
individual,,,TRUE
learning,,,TRUE
emissions/global warming,,,TRUE
status quo,,,TRUE
history of sovereignty,,,TRUE
child,,,TRUE
aborigines,,,TRUE
ostracizing hunters,,,TRUE
environmental effects,,,TRUE
alternatives,,,TRUE
insurgency fight,,,TRUE
changing behavior,,,TRUE
iraqis,,,TRUE
china/india outsourcing,,,TRUE
slippery slope,,,TRUE
essential goods,,,TRUE
loose housing,,,TRUE
effectivity,,,TRUE
values,,,TRUE
choice issues,,,TRUE
impact,,,TRUE
general solvency,,,TRUE
stemming immigration,,,TRUE
technology,,,TRUE
college,,,TRUE
vs other candidates,,,TRUE
development,,,TRUE
maturity,,,TRUE
part of game,,,TRUE
crops,,,TRUE
water-use,,,TRUE
family,,,TRUE
nootka sound convention,,,TRUE
growth,,,TRUE
efficacy,,,TRUE
pro/con sources,,,TRUE
psychology,,,TRUE
exploitation,,,TRUE
albania,,,TRUE
china,,,TRUE
mutual attraction,,,TRUE
generations,,,TRUE
nuclear fallout,,,TRUE
vs. hydrogen,,,TRUE
conventional bombs,,,TRUE
champs,,,TRUE
sudan,,,TRUE
vs. nuclear,,,TRUE
birds,,,TRUE
marriage/family,,,TRUE
fishing,,,TRUE
analogous services,,,TRUE
pressure,,,TRUE
on campus,,,TRUE
false dichotomy,,,TRUE
updates,,,TRUE
darfur,,,TRUE
priority/inevitable,,,TRUE
odor,,,TRUE
arguments,,,TRUE
innate problems,,,TRUE
reducing emissions,,,TRUE
other impacts,,,TRUE
energy,,,TRUE
decentralized journalism,,,TRUE
leaders,,,TRUE
vs. national role,,,TRUE
women,,,TRUE
production,,,TRUE
social,,,TRUE
"vs. ""non-treatment""",,,TRUE
space heating,,,TRUE
kosovo viability,,,TRUE
planning,,,TRUE
earned,,,TRUE
specialization,,,TRUE
effect on companies,,,TRUE
personality traits,,,TRUE
location,,,TRUE
celebrities,,,TRUE
stable country,,,TRUE
timing,,,TRUE
relationships,,,TRUE
recruits,,,TRUE
network owners,,,TRUE
personality,,,TRUE
emergency contact,,,TRUE
management,,,TRUE
model principles,,,TRUE
iraq,,,TRUE
precedent,,,TRUE
endangered,,,TRUE
systemic bias,,,TRUE
in the world,,,TRUE
stability,,,TRUE
false accusation,,,TRUE
abstinence message,,,TRUE
recognition,,,TRUE
deserving,,,TRUE
employees,,,TRUE
interests,,,TRUE
egypt,,,TRUE
classes,,,TRUE
abandoned claims,,,TRUE
proportionality,,,TRUE
workers,,,TRUE
migrants,,,TRUE
argument 2,,,TRUE
sentient beings,,,TRUE
functionality,,,TRUE
righting past wrongs,,,TRUE
self-determination,,,TRUE
impact on children,,,TRUE
tactics,,,TRUE
separation of powers,,,TRUE
us interests,,,TRUE
legitimacy,,,TRUE
batteries,,,TRUE
accomplishments,,,TRUE
robots,,,TRUE
reciprocity,,,TRUE
miscellaneous pro and con arguments,,,TRUE
car insurance,,,TRUE
vs. independence,,,TRUE
measuring merit,,,TRUE
waste,,,TRUE
prolonged isolation,,,TRUE
energy crunch,,,TRUE
deficit,,,TRUE
capital flight,,,TRUE
weak states,,,TRUE
notice,,,TRUE
unilateralism,,,TRUE
until marriage,,,TRUE
sun,,,TRUE
parenting,,,TRUE
thought,,,TRUE
self-improvement,,,TRUE
families,,,TRUE
hutches,,,TRUE
other solutions,,,TRUE
poland,,,TRUE
special interests,,,TRUE
proliferation,,,TRUE
others,,,TRUE
israeli society,,,TRUE
vs imf,,,TRUE
global integration,,,TRUE
value,,,TRUE
animal benefits,,,TRUE
argentinian independence,,,TRUE
assoc,,,TRUE
natural disasters,,,TRUE
vital interests,,,TRUE
reproduction,,,TRUE
agreement,,,TRUE
containing growth,,,TRUE
life lessons,,,TRUE
as fuel,,,TRUE
s. ossetia independence,,,TRUE
vows,,,TRUE
value of education,,,TRUE
effectiveness of ban,,,TRUE
colleges/applicants,,,TRUE
stereotypes vs. reality,,,TRUE
reputation,,,TRUE
database,,,TRUE
time,,,TRUE
"defining ""denial""",,,TRUE
popular demands,,,TRUE
citizen decisions,,,TRUE
feasibility of change,,,TRUE
weighty statements,,,TRUE
concentration,,,TRUE
mail-in re-vote,,,TRUE
barages,,,TRUE
teachers,,,TRUE
motivations,,,TRUE
sulfur dioxide,,,TRUE
intelligence sources,,,TRUE
hypocrisy,,,TRUE
youth participation,,,TRUE
habitat,,,TRUE
non-corn ethanol,,,TRUE
palestinians,,,TRUE
instant-replay ump,,,TRUE
companies,,,TRUE
exposure,,,TRUE
vs. scripted shows,,,TRUE
standards,,,TRUE
disadvantaged,,,TRUE
activist organizations,,,TRUE
eugenics,,,TRUE
chinese governance,,,TRUE
performance,,,TRUE
tibet,,,TRUE
empowering women,,,TRUE
growing government,,,TRUE
pakistan,,,TRUE
us commitment,,,TRUE
double standard,,,TRUE
ambiguity,,,TRUE
pregnancy,,,TRUE
sex education issues,,,TRUE
vs. public insurance,,,TRUE
intelligence,,,TRUE
vs capitalism (see also debate,,,TRUE
efficiency,,,TRUE
interests of living victims,,,TRUE
kosovo,,,TRUE
merit,,,TRUE
socializing,,,TRUE
infrastructure,,,TRUE
carrying papers,,,TRUE
children,,,TRUE
interference,,,TRUE
emissions,,,TRUE
incumbency,,,TRUE
corporations,,,TRUE
public service,,,TRUE
iran,,,TRUE
assisting quiting,,,TRUE
arbitration,,,TRUE
aumf?,,,TRUE
tang dynasty (618-907),,,TRUE
size,,,TRUE
georgia,,,TRUE
obligatory,,,TRUE
state interests,,,TRUE
small states,,,TRUE
geography,,,TRUE
commitment,,,TRUE
innovation,,,TRUE
consumption/taste,,,TRUE
incumbent,,,TRUE
maintenance,,,TRUE
individual effects,,,TRUE
in us history,,,TRUE
air-quality,,,TRUE
family size,,,TRUE
pragmatism,,,TRUE
chinese response,,,TRUE
footprint,,,TRUE
citizenship,,,TRUE
independence vs. union,,,TRUE
space exploration,,,TRUE
activism,,,TRUE
expanded membership,,,TRUE
interest groups,,,TRUE
eu opinion,,,TRUE
cosmetics,,,TRUE
university administrators,,,TRUE
affecting protection choices,,,TRUE
silent mode,,,TRUE
powers,,,TRUE
products,,,TRUE
starting point,,,TRUE
last resort,,,TRUE
claims,,,TRUE
information,,,TRUE
strategic value,,,TRUE
advertisements,,,TRUE
poor system,,,TRUE
original vote,,,TRUE
mars,,,TRUE
viewer esteem,,,TRUE
images in islam,,,TRUE
bad apples,,,TRUE
discipline,,,TRUE
creationism as science,,,TRUE
exceptionality,,,TRUE
future efforts,,,TRUE
implementation,,,TRUE
needy,,,TRUE
importance,,,TRUE
traffic,,,TRUE
urgency,,,TRUE
gay influence,,,TRUE
israel,,,TRUE
home-heating,,,TRUE
affirmative action,,,TRUE
state consistency,,,TRUE
croatia,,,TRUE
engine compatibility,,,TRUE
entertainment,,,TRUE
child development,,,TRUE
private investments,,,TRUE
graduated response,,,TRUE
sunnis,,,TRUE
postal rates,,,TRUE
the consumer,,,TRUE
china/india,,,TRUE
consumption,,,TRUE
russia,,,TRUE
dependency,,,TRUE
libel/misinformation,,,TRUE
hitler,,,TRUE
aig recovery,,,TRUE
serious problem,,,TRUE
aggression,,,TRUE
vietnam comparison,,,TRUE
future impact,,,TRUE
popular support,,,TRUE
temporary,,,TRUE
parental authority,,,TRUE
compromise,,,TRUE
science,,,TRUE
demonstration,,,TRUE
risks,,,TRUE
historic opinion,,,TRUE
voluntary action,,,TRUE
environment/batteries,,,TRUE
relevant symbol,,,TRUE
processes,,,TRUE
present,,,TRUE
stabilizer?,,,TRUE
humanity,,,TRUE
problem,,,TRUE
vs rep government,,,TRUE
state sovereignty,,,TRUE
male interests,,,TRUE
fresh faces vs. amateurs,,,TRUE
the children,,,TRUE
turnaround,,,TRUE
administrative costs,,,TRUE
killing calves,,,TRUE
changing menus,,,TRUE
self-regulations,,,TRUE
tobacco ads,,,TRUE
post-cold war,,,TRUE
quality,,,TRUE
during recession,,,TRUE
image/relations,,,TRUE
special case,,,TRUE
vs. alcohol etc,,,TRUE
consequences,,,TRUE
aid agencies,,,TRUE
practicality,,,TRUE
message,,,TRUE
water supply,,,TRUE
administration,,,TRUE
spirit,,,TRUE
usage,,,TRUE
democratic process,,,TRUE
captivity,,,TRUE
us contributions,,,TRUE
cellulosic,,,TRUE
differentiated responsibilities,,,TRUE
young women,,,TRUE
opinion,,,TRUE
viability,,,TRUE
vs. britannica,,,TRUE
ming dynasty (1368-1644),,,TRUE
energy independence,,,TRUE
sex,,,TRUE
industry,,,TRUE
vs treatment,,,TRUE
fisheries,,,TRUE
significance,,,TRUE
party system,,,TRUE
protecting players,,,TRUE
muslim relations,,,TRUE
in world,,,TRUE
hunting,,,TRUE
professional networking,,,TRUE
general history,,,TRUE
vetting climate solutions,,,TRUE
past aid,,,TRUE
agriculture,,,TRUE
retention,,,TRUE
training,,,TRUE
the flag was waving and rippling,,,TRUE
support,,,TRUE
independence vs. autonomy,,,TRUE
ukraine,,,TRUE
rarity,,,TRUE
general access,,,TRUE
broad strategy,,,TRUE
intervention,,,TRUE
non-participation,,,TRUE
reasonable suspicion,,,TRUE
to preserve or save artifacts,,,TRUE
partying,,,TRUE
general,,,TRUE
patriotism,,,TRUE
quality and value,,,TRUE
new orleans,,,TRUE
contract,,,TRUE
way #1: value way,,,TRUE
individual responsibility,,,TRUE
crop-eradication,,,TRUE
decency,,,TRUE
romany schools,,,TRUE
red tides,,,TRUE
position,,,TRUE
donor countries,,,TRUE
history,,,TRUE
by-catch,,,TRUE
vs. solar,,,TRUE
iraqi constitution,,,TRUE
blockade,,,TRUE
democratic agenda,,,TRUE
producer states,,,TRUE
immediacy,,,TRUE
sex tourism,,,TRUE
vs. mandates,,,TRUE
juvenile jurisdiction,,,TRUE
pre-existing conditions,,,TRUE
disarmament,,,TRUE
public,,,TRUE
mixed approach,,,TRUE
other evidence,,,TRUE
discovery,,,TRUE
secret prisons,,,TRUE
islamic faith,,,TRUE
students,,,TRUE
natural,,,TRUE
consensus,,,TRUE
marriage institution,,,TRUE
natural expansion,,,TRUE
female interests,,,TRUE
urban development,,,TRUE
sovereignty,,,TRUE
intimidation,,,TRUE
effect on wild fish,,,TRUE
recreation,,,TRUE
relations,,,TRUE
sexualization,,,TRUE
turbines,,,TRUE
general election,,,TRUE
czech republic,,,TRUE
peer review,,,TRUE
pesticides,,,TRUE
case studies,,,TRUE
oil replacement,,,TRUE
status,,,TRUE
mineral exploitation,,,TRUE
surveillance,,,TRUE
way #2,,,TRUE
dc non-state,,,TRUE
parental exploitation,,,TRUE
pro/con industries,,,TRUE
legal acadamia,,,TRUE
statehood,,,TRUE
hands-free phones,,,TRUE
smaller states,,,TRUE
symbol,,,TRUE
iceland,,,TRUE
general humaneness,,,TRUE
abuse,,,TRUE
ecosystems,,,TRUE
influence,,,TRUE
co-opting bowls,,,TRUE
the pro and con arguments,,,TRUE
individuals,,,TRUE
emperor,,,TRUE
anti-dumping measures,,,TRUE
environment/general,,,TRUE
in cities,,,TRUE
other,,,TRUE
vs private sector,,,TRUE
united kingdom,,,TRUE
scientific community,,,TRUE
animals as commodities,,,TRUE
kurds,,,TRUE
proliferation/npt,,,TRUE
problem-solving,,,TRUE
momentum,,,TRUE
popularity,,,TRUE
love,,,TRUE
historically,,,TRUE
value of debate,,,TRUE
sustainability,,,TRUE
ocean ecosystems,,,TRUE
islamic democracy,,,TRUE
chechen sovereignty,,,TRUE
victims,,,TRUE
international cooperation vs interdependence,,,TRUE
irrational actor,,,TRUE
colonial legacy,,,TRUE
kosovo precedent,,,TRUE
strategy,,,TRUE
marriage stability,,,TRUE
scalability,,,TRUE
vs. air travel,,,TRUE
regional stability,,,TRUE
middle east,,,TRUE
pristine environment?,,,TRUE
precautionary principle,,,TRUE
japan's case,,,TRUE
war on christmas,,,TRUE
oil,,,TRUE
office effectiveness,,,TRUE
clean coal,,,TRUE
sweden,,,TRUE
decision-making,,,TRUE
pro/con organizations,,,TRUE
consultation,,,TRUE
npr/pbs,,,TRUE
consensus model,,,TRUE
responsibility,,,TRUE
atmospheric c02,,,TRUE
charging,,,TRUE
learning english,,,TRUE
massachussetts,,,TRUE
employers,,,TRUE
permanent president of the european council,,,TRUE
false choice,,,TRUE
vs. rockets,,,TRUE
academics,,,TRUE
lying,,,TRUE
confidence,,,TRUE
guest workers,,,TRUE
socially,,,TRUE
marine ecosystems,,,TRUE
change,,,TRUE
priorities,,,TRUE
voluntary,,,TRUE
work environment,,,TRUE
smegma,,,TRUE
"armenian ""genocide""",,,TRUE
mccain's age,,,TRUE
parental responsibility,,,TRUE
screening,,,TRUE
consumer pressure,,,TRUE
collateral damage,,,TRUE
immediate stimulus,,,TRUE
power,,,TRUE
immigration,,,TRUE
inclusiveness,,,TRUE
teacher rights,,,TRUE
teacher authority,,,TRUE
free-riders,,,TRUE
business,,,TRUE
electric grid,,,TRUE
impact on violence,,,TRUE
unions,,,TRUE
defining negativity,,,TRUE
verification,,,TRUE
winning,,,TRUE
vs. electric vehicles,,,TRUE
mandates,,,TRUE
israeli security,,,TRUE
blissful ignorance,,,TRUE
auto comparison,,,TRUE
climate change,,,TRUE
palestinian life,,,TRUE
responsible marketplace,,,TRUE
state authority,,,TRUE
researching it,,,TRUE
environment,,,TRUE
side-effects,,,TRUE
vs. electric,,,TRUE
completeness,,,TRUE
free association,,,TRUE
clone,,,TRUE
euro,,,TRUE
vs. hydrogen cars,,,TRUE
moderation,,,TRUE
music as art,,,TRUE
broken cameras,,,TRUE
associations,,,TRUE
historical figures,,,TRUE
power abuse,,,TRUE
two-party moderation,,,TRUE
vs. automatic enrollment,,,TRUE
for baseball,,,TRUE
surfers,,,TRUE
reality,,,TRUE
parents,,,TRUE
social gain,,,TRUE
direct democracy,,,TRUE
crowding,,,TRUE
averting crises,,,TRUE
experience,,,TRUE
effectiveness,,,TRUE
teen pregnancy,,,TRUE
debaters' attitude towards life,,,TRUE
brazil,,,TRUE
in korea,,,TRUE
symbolism,,,TRUE
party power,,,TRUE
playing god/nature,,,TRUE
other options,,,TRUE
consumers,,,TRUE
leadership,,,TRUE
practice,,,TRUE
institution of marriage,,,TRUE
join operations,,,TRUE
doctor/parent role,,,TRUE
vs. restriction,,,TRUE
party interest,,,TRUE
sectoral standards,,,TRUE
without saddam,,,TRUE
demographic shifts,,,TRUE
the individual,,,TRUE
research,,,TRUE
property,,,TRUE
need,,,TRUE
speeding cameras,,,TRUE
child abuse,,,TRUE
athletes,,,TRUE
innocents,,,TRUE
needing the money,,,TRUE
algae biofuels,,,TRUE
surrender,,,TRUE
manipulation,,,TRUE
good/bad stimulus,,,TRUE
donor impact,,,TRUE
lftr reactors,,,TRUE
settlements,,,TRUE
pretext for war,,,TRUE
image,,,TRUE
irony,,,TRUE
state powers,,,TRUE
family integrity,,,TRUE
human factor,,,TRUE
diplomatic feel,,,TRUE
luck,,,TRUE
flexibility,,,TRUE
from developed nations,,,TRUE
access,,,TRUE
meritocracy,,,TRUE
bad zookeepers,,,TRUE
developing countries,,,TRUE
modern media,,,TRUE
backlash,,,TRUE
cooperatives,,,TRUE
compassion,,,TRUE
ceo pay,,,TRUE
lng,,,TRUE
principles,,,TRUE
social effects,,,TRUE
level playing field,,,TRUE
media,,,TRUE
student measurement,,,TRUE
fans,,,TRUE
unions/advocacy,,,TRUE
scholars,,,TRUE
grain diets,,,TRUE
authority,,,TRUE
global warming crisis,,,TRUE
environmental justice,,,TRUE
car insurance analogy,,,TRUE
individual representation,,,TRUE
coordination,,,TRUE
accountability,,,TRUE
states,,,TRUE
weather resistance,,,TRUE
coca products,,,TRUE
justification,,,TRUE
dynasty,,,TRUE
corporate responsibility,,,TRUE
theory,,,TRUE
respecting victims,,,TRUE
beauty,,,TRUE
social aspects,,,TRUE
birth control,,,TRUE
local use,,,TRUE
oil exploration,,,TRUE
marine wildlife,,,TRUE
influence of ads,,,TRUE
wind energy,,,TRUE
default,,,TRUE
state budgets,,,TRUE
tie-breaking,,,TRUE
safeguards,,,TRUE
sources,,,TRUE
reliability,,,TRUE
recount concerns,,,TRUE
consistency,,,TRUE
balloon effect,,,TRUE
establishment clause,,,TRUE
installation,,,TRUE
teaching the controversy,,,TRUE
efficiency and productivity,,,TRUE
chinese users,,,TRUE
animal rights,,,TRUE
framers,,,TRUE
vs upgrading,,,TRUE
blame for conflict,,,TRUE
evolution,,,TRUE
bi-partisanship,,,TRUE
the route,,,TRUE
developing growth,,,TRUE
abortions and abandonment,,,TRUE
exemptions,,,TRUE
secret deal,,,TRUE
"vs. ""clean coal""",,,TRUE
civil unions,,,TRUE
historical roots,,,TRUE
future prospects,,,TRUE
humaneness,,,TRUE
palestinian territory,,,TRUE
employer mandate,,,TRUE
translocation,,,TRUE
examples,,,TRUE
at risk,,,TRUE
school,,,TRUE
splitting delegates,,,TRUE
consumption levels,,,TRUE
checks,,,TRUE
unique harms,,,TRUE
appearances,,,TRUE
worker's rights,,,TRUE
wwii dues paid?,,,TRUE
blame,,,TRUE
in schools,,,TRUE
iraqi will,,,TRUE
social/democratic,,,TRUE
activists' intentions,,,TRUE
charity,,,TRUE
coalition will,,,TRUE
future,,,TRUE
choice,,,TRUE
bih democracy,,,TRUE
editor-experience,,,TRUE
net energy,,,TRUE
sexual role,,,TRUE
lives,,,TRUE
reanalyzing evidence,,,TRUE
covenant vs no-fault,,,TRUE
shiites,,,TRUE
npov,,,TRUE
right of return,,,TRUE
ideological distinctions,,,TRUE
abroad,,,TRUE
utility,,,TRUE
deterrence,,,TRUE
exploration,,,TRUE
storage,,,TRUE
deep water oxygen depletion,,,TRUE
replacements,,,TRUE
acting on speech,,,TRUE
bison migrations,,,TRUE
youtube videos pro and con,,,TRUE
demolishing dams,,,TRUE
vs other sports,,,TRUE
noise,,,TRUE
frame,,,TRUE
iran problem,,,TRUE
eezs,,,TRUE
passion,,,TRUE
differences,,,TRUE
character,,,TRUE
global warming,,,TRUE
vs. other biofuels,,,TRUE
characteristics,,,TRUE
effects,,,TRUE
renewable,,,TRUE
scholars and journalist stances,,,TRUE
cheating,,,TRUE
civilians,,,TRUE
restriction,,,TRUE
privileged partnership,,,TRUE
promises,,,TRUE
vs. surgical castration,,,TRUE
other symbols,,,TRUE
dmv employees,,,TRUE
internationally,,,TRUE
third parties,,,TRUE
bad assets,,,TRUE
suspense,,,TRUE
national symbol,,,TRUE
radiation,,,TRUE
argument 1,,,TRUE
natural gas vehicles,,,TRUE
past deportations,,,TRUE
jewish state,,,TRUE
israel's image,,,TRUE
wildlife,,,TRUE
demand for beauty,,,TRUE
palestinian state,,,TRUE
small nations,,,TRUE
tibetan governance,,,TRUE
pain,,,TRUE
solutions,,,TRUE
facts,,,TRUE
uninsured,,,TRUE
delays,,,TRUE
decolonization,,,TRUE
us-indian relations,,,TRUE
cap,,,TRUE
energy security,,,TRUE
favor,,,TRUE
jewish interests,,,TRUE
banning categories,,,TRUE
eu,,,TRUE
japanese whaling,,,TRUE
prosecution,,,TRUE
modernity,,,TRUE
genocide,,,TRUE
in society,,,TRUE
sodomy and health,,,TRUE
parenthood,,,TRUE
physical damage,,,TRUE
youth,,,TRUE
capabilities,,,TRUE
past atrocities,,,TRUE
popular legitimacy,,,TRUE
us approved lines,,,TRUE
burma,,,TRUE
fiscal accountability,,,TRUE
diplomatic recognition,,,TRUE
sexuality,,,TRUE
rape,,,TRUE
effect on sexual behavior,,,TRUE
america,,,TRUE
urgency to act,,,TRUE
waste of time,,,TRUE
balance,,,TRUE
nato in kosovo,,,TRUE
mission,,,TRUE
test results/benefits,,,TRUE
community integration,,,TRUE
tourism,,,TRUE
rules,,,TRUE
historical lessons,,,TRUE
un effectiveness,,,TRUE
victims' families,,,TRUE
environment/land-use,,,TRUE
inspiration,,,TRUE
vs. renewables,,,TRUE
faiths,,,TRUE
charging air travelers,,,TRUE
on-the-ground,,,TRUE
strong management,,,TRUE
elephant populations,,,TRUE
artists,,,TRUE
necessity,,,TRUE
popular will,,,TRUE
attention,,,TRUE
qing dynasty (1644-1911),,,TRUE
incumbents,,,TRUE
rebelliousness,,,TRUE
china bloc,,,TRUE
natural gas,,,TRUE
rediscovery,,,TRUE
mongols/yuan dynasty (1271-1368),,,TRUE
commerce clause,,,TRUE
cyprus,,,TRUE
exceptions,,,TRUE
relations/stability,,,TRUE
grand-standing,,,TRUE
locals,,,TRUE
relationships and communication,,,TRUE
competition,,,TRUE
lives lost,,,TRUE
woman vs. black man,,,TRUE
government duty,,,TRUE
logical next step,,,TRUE
harm,,,TRUE
vs other bailouts,,,TRUE
moon-to-mars,,,TRUE
prevention,,,TRUE
life-style,,,TRUE
family friend,,,TRUE
guilt as criteria,,,TRUE
bible,,,TRUE
first cousins,,,TRUE
broader fight,,,TRUE
international community,,,TRUE
the surge,,,TRUE
adultery,,,TRUE
error-rates,,,TRUE
convention,,,TRUE
us-specific,,,TRUE
barbarous procedure,,,TRUE
availability,,,TRUE
warming trend,,,TRUE
targeted assassinations,,,TRUE
accessibility and context,,,TRUE
church,,,TRUE
family violence,,,TRUE
players,,,TRUE
vs. adult stem cells,,,TRUE
bodily strain,,,TRUE
europe,,,TRUE
restructuring,,,TRUE
making us safer?,,,TRUE
justice/desert,,,TRUE
creativity,,,TRUE
safety/meltdown,,,TRUE
skills and knowledge,,,TRUE
iraq war vote,,,TRUE
joining russia,,,TRUE
controversies,,,TRUE
incentives,,,TRUE
local effects,,,TRUE
social contract,,,TRUE
business practices,,,TRUE
argument 3,,,TRUE
intentions of mosque,,,TRUE
dayton accords,,,TRUE
buy american,,,TRUE
aesthetics,,,TRUE
marriage defined,,,TRUE
non-experts,,,TRUE
communication,,,TRUE
upholding christianity,,,TRUE
donations,,,TRUE
simplicity,,,TRUE
other distractions,,,TRUE
fossil fuel dependence,,,TRUE
conviction,Crime and punishment,,FALSE
judgment,Crime and punishment,,FALSE
violence,Crime and punishment,,FALSE
mandatory restorative justice,Crime and punishment,,FALSE
judicial overload,Crime and punishment,,FALSE
vandalism,Crime and punishment,,FALSE
law enforcement,Crime and punishment,"Legality, constitutionality and jurisprudence",FALSE
due punishment,Crime and punishment,,FALSE
international torture,Crime and punishment,,FALSE
penalties,Crime and punishment,,FALSE
waterboarding,Crime and punishment,,FALSE
careless driving laws,Crime and punishment,,FALSE
"if torture... if waterboarding is ""torture"" is it still ok sometimes? see debate",Crime and punishment,,FALSE
god's existence,Cultural identity,Morality,FALSE
friendships,Cultural identity,,FALSE
tourism and recreation,Cultural identity,,FALSE
individual vs. collective,Cultural identity,,FALSE
vacation,Cultural identity,,FALSE
getting to marriage,Cultural identity,,FALSE
modern society,Cultural identity,,FALSE
pakistani people,Cultural identity,,FALSE
language,Cultural identity,,FALSE
guns as sport,Cultural identity,,FALSE
elite culture,Cultural identity,,FALSE
purpose of marriage,Cultural identity,,FALSE
civil society,Cultural identity,Culutural identity,FALSE
religious philosophy,Cultural identity,Morality,FALSE
human sexuality,Cultural identity,,FALSE
marriage benefits,Cultural identity,,FALSE
cultural relativity,Cultural identity,,FALSE
marriage,Cultural identity,,FALSE
sexual culture,Cultural identity,,FALSE
culture,Cultural identity,,FALSE
ethnicity,Cultural identity,Morality,FALSE
investment sources,Economic,Capacity and resources,FALSE
wages,Economic,,FALSE
the european central bank,Economic,,FALSE
seignorage,Economic,,FALSE
global free trade,Economic,External regulation and reputation,FALSE
home economies,Economic,,FALSE
paying for it,Economic,,FALSE
state costs,Economic,,FALSE
poverty,Economic,Quality of life,FALSE
wallstreet,Economic,,FALSE
un budget issues,Economic,,FALSE
taxpayer money,Economic,,FALSE
fiscal-monetary mix,Economic,,FALSE
budgets,Economic,Capacity and resources,FALSE
personal costs,Economic,,FALSE
cost effectiveness,Economic,,FALSE
healthcare costs,Economic,Health and safety,FALSE
checks and balances,Economic,,FALSE
sex rates,Economic,,FALSE
profit-interest,Economic,,FALSE
vs. single payer,Economic,,FALSE
budgetary burdens,Economic,Capacity and resources,FALSE
funding,Economic,Capacity and resources,FALSE
costs,Economic,Capacity and resources,FALSE
cap-and-trade alternative,Economic,,FALSE
cost-cutting,Economic,,FALSE
market value,Economic,,FALSE
shareholders,Economic,,FALSE
investment,Economic,,FALSE
gdp,Economic,,FALSE
spending,Economic,,FALSE
government spending,Economic,Policy prescription and evaluation,FALSE
international viewpoint,External regulation and reputation,,FALSE
other states,External regulation and reputation,,FALSE
eu member states,External regulation and reputation,,FALSE
chinese interests,External regulation and reputation,,FALSE
nato functions,External regulation and reputation,,FALSE
eu responsibility,External regulation and reputation,,FALSE
un efficacy,External regulation and reputation,,FALSE
eu-china partnership,External regulation and reputation,,FALSE
international stability,External regulation and reputation,,FALSE
nato expansion,External regulation and reputation,,FALSE
internal security,External regulation and reputation,Security and defense,FALSE
dominion,External regulation and reputation,,FALSE
peace,External regulation and reputation,,FALSE
iraq war policy,External regulation and reputation,,FALSE
war,External regulation and reputation,Security and defense,FALSE
hostilities,External regulation and reputation,,FALSE
border security,External regulation and reputation,Security and defense,FALSE
international authority,External regulation and reputation,,FALSE
other countries,External regulation and reputation,,FALSE
european union,External regulation and reputation,,FALSE
sovereignty/interests,External regulation and reputation,,FALSE
non-democracies,External regulation and reputation,,FALSE
conflict,External regulation and reputation,,FALSE
arms race,External regulation and reputation,Security and defense,FALSE
foreign control,External regulation and reputation,,FALSE
nato,External regulation and reputation,,FALSE
human rights,Fairness and equality,"Legality, constitunionality and jurisprudence",FALSE
abortion,Fairness and equality,Health and safety,FALSE
international law and realities,Fairness and equality,External regulation and reputation,FALSE
rights,Fairness and equality,"Legality, constitutionality and jurisprudence",FALSE
female preferences,Fairness and equality,,FALSE
intellectual property,Fairness and equality,,FALSE
redistribution,Fairness and equality,,FALSE
homosexuals,Fairness and equality,,FALSE
woman's rights,Fairness and equality,,FALSE
race/gender analogies,Fairness and equality,,FALSE
homosexuality analogy,Fairness and equality,,FALSE
gay sex,Fairness and equality,,FALSE
cultures/sexism,Fairness and equality,Cultural identity,FALSE
copy-right,Fairness and equality,"Legality, constitutionality and jurisprudence",FALSE
social issues,Fairness and equality,Quality of life,FALSE
individualism,Fairness and equality,,FALSE
education levels and quality,Fairness and equality,Quality of life,FALSE
poor,Fairness and equality,,FALSE
sexual discrimination,Fairness and equality,,FALSE
race analogy,Fairness and equality,,FALSE
gender issues,Fairness and equality,,FALSE
race,Fairness and equality,,FALSE
exclusion,Fairness and equality,,FALSE
religious discrimination,Fairness and equality,Morality,FALSE
integration or discrimination,Fairness and equality,Quality of life,FALSE
racial profiling,Fairness and equality,,FALSE
age discrimination,Fairness and equality,,FALSE
anti-gay violence,Fairness and equality,,FALSE
minority rights,Fairness and equality,"Legality, constitutionality and jurisprudence",FALSE
sexism,Fairness and equality,,FALSE
homophobia,Fairness and equality,,FALSE
racism,Fairness and equality,,FALSE
xenophobia,Fairness and equality,,FALSE
feminists,Fairness and equality,,FALSE
copyright law,Fairness and equality,,FALSE
ethnic division,Fairness and equality,Morality,FALSE
tobacco anti-adverts,Health and safety,,FALSE
adult jurisdiction for juveniles,Health and safety,Policy prescription and evaluation,FALSE
potency,Health and safety,,FALSE
rehabilitation,Health and safety,,FALSE
medicare precedent,Health and safety,,FALSE
saving lives,Health and safety,,FALSE
"abuse, disabled",Health and safety,,FALSE
ending pain,Health and safety,Quality of life,FALSE
infertility,Health and safety,,FALSE
addiction,Health and safety,,FALSE
sleep deprivation,Health and safety,,FALSE
socialized medicine,Health and safety,,FALSE
urinary infections,Health and safety,,FALSE
smoking quantities,Health and safety,,FALSE
milk diet,Health and safety,,FALSE
palliative care,Health and safety,Quality of life,FALSE
self-defense,Health and safety,Crime and punishment,FALSE
child-hazards,Health and safety,,FALSE
emergencies,Health and safety,,FALSE
harm and risks,Health and safety,,FALSE
vs tobacco/alcohol,Health and safety,,FALSE
personal use,Health and safety,,FALSE
smoked marijuana,Health and safety,,FALSE
sterilization,Health and safety,,FALSE
health,Health and safety,,FALSE
sex-specific diseases,Health and safety,,FALSE
emergency,Health and safety,,FALSE
illegitimacy,"Legality, constitutionality and jurisprudence",,FALSE
jobs for children,"Legality, constitutionality and jurisprudence",Economic,FALSE
classified information,"Legality, constitutionality and jurisprudence",,FALSE
first amendment,"Legality, constitutionality and jurisprudence",,FALSE
democracy,"Legality, constitutionality and jurisprudence",Public opinion,FALSE
transparency,"Legality, constitutionality and jurisprudence",,FALSE
land-use,"Legality, constitutionality and jurisprudence",,FALSE
defining marriage,"Legality, constitutionality and jurisprudence",,FALSE
humanitarian,"Legality, constitutionality and jurisprudence",,FALSE
safety vs. liberty,"Legality, constitutionality and jurisprudence",Health and safety,FALSE
religious freedoms,"Legality, constitutionality and jurisprudence",Morality,FALSE
parental rights,"Legality, constitutionality and jurisprudence","Legality, constitutionality and jurisprudence:",FALSE
congress,"Legality, constitutionality and jurisprudence",,FALSE
religious liberty,"Legality, constitutionality and jurisprudence",Morality,FALSE
anonymity,"Legality, constitutionality and jurisprudence",Quality of life,FALSE
child protections,"Legality, constitutionality and jurisprudence",,FALSE
fetus rights,"Legality, constitutionality and jurisprudence",,FALSE
free choice,"Legality, constitutionality and jurisprudence",,FALSE
democratic values,"Legality, constitutionality and jurisprudence",,FALSE
parent choice,"Legality, constitutionality and jurisprudence",,FALSE
universal laws,"Legality, constitutionality and jurisprudence",Crime and punishment,FALSE
judgement,"Legality, constitutionality and jurisprudence",,FALSE
corruption,"Legality, constitutionality and jurisprudence",,FALSE
patriot act?,"Legality, constitutionality and jurisprudence",,FALSE
founding fathers,"Legality, constitutionality and jurisprudence",,FALSE
enforceability,"Legality, constitutionality and jurisprudence",,FALSE
fair trials?,"Legality, constitutionality and jurisprudence",,FALSE
judicial system,"Legality, constitutionality and jurisprudence",,FALSE
social function,"Legality, constitutionality and jurisprudence",,FALSE
privacy,"Legality, constitutionality and jurisprudence",,FALSE
consent,"Legality, constitutionality and jurisprudence",,FALSE
legal avenues,"Legality, constitutionality and jurisprudence",,FALSE
path to citizenship,"Legality, constitutionality and jurisprudence",,FALSE
concealed-carry,"Legality, constitutionality and jurisprudence",,FALSE
sentencing and rehabilitation,"Legality, constitutionality and jurisprudence",,FALSE
individual freedoms,"Legality, constitutionality and jurisprudence",,FALSE
legislative production,"Legality, constitutionality and jurisprudence",,FALSE
regulation,"Legality, constitutionality and jurisprudence",,FALSE
cultural and religious doctrines,Morality,,FALSE
increasing incest,Morality,Health and safety,FALSE
religious speech,Morality,,FALSE
infant industry,Morality,,FALSE
cutting off internet,Morality,,FALSE
genetic modifications,Morality,,FALSE
darting/euthanasia,Morality,,FALSE
secularism,Morality,,FALSE
virtues,Morality,,FALSE
designer babies,Morality,,FALSE
human dignity,Morality,,FALSE
"embryos as ""life""",Morality,,FALSE
virginity pledges,Morality,,FALSE
pro-life,Morality,,FALSE
encouraging rape,Morality,,FALSE
unwanted/adoption,Morality,,FALSE
frozen embryos,Morality,,FALSE
hand-gun ban: should hand guns be banned? (see also: debate,Morality,"Legality, constitutionality and jurisprudence",FALSE
broader philosophies,Morality,,FALSE
development aid,Policy prescription and evaluation,,FALSE
subsidies,Policy prescription and evaluation,Economic,FALSE
tax cuts,Policy prescription and evaluation,Economic,FALSE
benefits,Policy prescription and evaluation,,FALSE
fighting drug trafficking,Policy prescription and evaluation,Crime and punishment,FALSE
energy needs,Policy prescription and evaluation,,FALSE
deportation,Policy prescription and evaluation,,FALSE
legislative process,Policy prescription and evaluation,,FALSE
effect of a ban,Policy prescription and evaluation,,FALSE
mixed private-public,Policy prescription and evaluation,,FALSE
supply the poor,Policy prescription and evaluation,,FALSE
public vs. private,Policy prescription and evaluation,,FALSE
fighting hiv/aids,Policy prescription and evaluation,Health and safety,FALSE
getting reform,Policy prescription and evaluation,,FALSE
public-private partnership,Policy prescription and evaluation,,FALSE
social benefits,Policy prescription and evaluation,Cultural identity,FALSE
disarming vs. enforcement,Policy prescription and evaluation,,FALSE
nationalization,Policy prescription and evaluation,,FALSE
privatization,Policy prescription and evaluation,,FALSE
government stimulus,Policy prescription and evaluation,"Legality, constitutionality and jurisprudence",FALSE
western imperialism,Policy prescription and evaluation,,FALSE
spending vs. tax cuts,Policy prescription and evaluation,Economic,FALSE
democratizing,Policy prescription and evaluation,,FALSE
reform,Policy prescription and evaluation,,FALSE
centralization/sovereignty,Policy prescription and evaluation,,FALSE
government involvement,Policy prescription and evaluation,"Legality, constitutionality and jurisprudence",FALSE
war on drugs,Policy prescription and evaluation,Health and safety,FALSE
curfews,Policy prescription and evaluation,,FALSE
internationalized,Policy prescription and evaluation,,FALSE
propaganda,Policy prescription and evaluation,,FALSE
micro credit,Policy prescription and evaluation,,FALSE
extended unemployment benefits,Policy prescription and evaluation,Quality of life,FALSE
cold war,Political,Security and defense,FALSE
obama's age,Political,,FALSE
international relations,Political,External regulation and reputation,FALSE
us government,Political,"Legality, constitutionality and jurisprudence",FALSE
peace process,Political,,FALSE
taxing drugs,Political,Economic,FALSE
russian tolerance,Political,,FALSE
geopolitics,Political,,FALSE
eu foreign minister,Political,,FALSE
obama's race,Political,,FALSE
politics: the various political arguments involved,Political,Politics,FALSE
regime change,Political,,FALSE
democratic support,Political,Public opinion,FALSE
power and corruption,Political,,FALSE
oil dependencies,Political,,FALSE
eu institutions,Political,,FALSE
us leaders,Political,,FALSE
campaigns,Political,,FALSE
prospective politicians,Political,Politics,FALSE
republican support,Political,Politics,FALSE
democratic principles,Political,,FALSE
politicians/others,Political,Politician,FALSE
politicization,Political,politics,FALSE
presidential nominees,Political,,FALSE
bill clinton,Political,,FALSE
diplomacy,Political,External regulation and reputation,FALSE
moral hazard,Public opinion,Morality,FALSE
national cohesion,Public opinion,Cultural identity,FALSE
petition,Public opinion,,FALSE
amusement,Quality of life,,FALSE
death with dignity,Quality of life,,FALSE
personal wealth,Quality of life,,FALSE
happiness,Quality of life,,FALSE
public anxiety,Quality of life,,FALSE
protecting non-smokers,Quality of life,Health and safety,FALSE
depression,Quality of life,,FALSE
quality of marriage,Quality of life,,FALSE
affordability,Quality of life,,FALSE
food shortages,Quality of life,Health and safety,FALSE
consumer choice,Quality of life,Public opinion,FALSE
masturbation,Quality of life,,FALSE
food/prices,Quality of life,,FALSE
food stamps,Quality of life,Health and safety,FALSE
child disability,Quality of life,,FALSE
wealthy,Quality of life,,FALSE
utility in war,Security and defence,External regulation and reputation,FALSE
us security,Security and defence,Security and defense:,FALSE
space shield,Security and defence,,FALSE
impact on wars,Security and defence,,FALSE
terrorism,Security and defence,Security and defense,FALSE
protecting troops,Security and defence,Security and defense,FALSE
security,Security and defence,Security and defense,FALSE
danger to humans,Security and defence,Health and safety,FALSE
fighting terrorism,Security and defence,Security and defense,FALSE
improving cluster bombs,Security and defence,,FALSE
military aid,Security and defence,Security and defense,FALSE
arms reduction,Security and defence,,FALSE
international security,Security and defence,Security and defense,FALSE
ceasefire,Security and defence,,FALSE
terrorist threat,Security and defence,Security and defense,FALSE
nuclear weapons,Security and defence,Security and defense,FALSE
military recruiting,Security and defence,Security and defense,FALSE
us military,Security and defence,Security and defense,FALSE
servicemen,Security and defence,,FALSE
police resources,Security and defence,Capacity and resources,FALSE
nuclear capability,Security and defence,,FALSE
soldiers,Security and defence,Security and defense,FALSE
rogue regimes,Security and defence,,FALSE
counter-terrorism,Security and defence,Security and defense,FALSE
war on terror,Security and defence,Security and defense,FALSE
crime fighting,Security and defence,Crime and punishment,FALSE
national security,Security and defence,Security and defense,FALSE
military opinion,Security and defence,Public opinion,FALSE
military threat,Security and defence,,FALSE
clearing mines,Security and defence,,FALSE
defense,Security and defence,Security and defense,FALSE
troop morale,Security and defence,,FALSE
missile defenses,Security and defence,Security and defense,FALSE
military presence,Security and defence,Security and defense,FALSE
military targets,Security and defence,Security and defense,FALSE
military readiness,Security and defence,Security and defense,FALSE
united nations security council,Security and defence,Security and defense,FALSE
national defense,Security and defence,Security and defense,FALSE
nuclear threat,Security and defence,Security and defense,FALSE
military strength,Security and defence,Security and defense,FALSE
nuclear energy,Security and defence,,FALSE
military,Security and defence,,FALSE
bioterrorism,Security and defence,Security and defense,FALSE
regional security,Security and defence,,FALSE
security benefits,Security and defence,Security and defense,FALSE
military action,Security and defence,Security and defense,FALSE
military humanism,Security and defence,,FALSE
"term ""war""",Security and defence,,FALSE
militia,Security and defence,Security and defense,FALSE
gender,,Cultural identity,FALSE
stereotypes,,Cultural identity,FALSE
diversity,,Cultural identity,FALSE
physicians,,Health and Safety,FALSE
nonproliferation,,External regulation and reputation,FALSE
public good,,Quality of life,FALSE
regional impact,,Policy prescription and evaluation,FALSE
pricing,,Economic,FALSE
representation,,Fairness and equality,FALSE
economics overall,,Economic,FALSE
resources,,Capacity and resources,FALSE
manned mission,,Security and defense,FALSE
resource drain,,Capacity and resources,FALSE
accidents,,Health and safety,FALSE
general public,,Public opinion,FALSE
opportunities,,Quality of life,FALSE
community,,Cultural identity:,FALSE
government,,"Legality, constitutionality and jurisprudence",FALSE
commercial,,Economic,FALSE
international,,External regulation and reputation,FALSE
abundance/availability,,Capacity and resources,FALSE
society,,Cultural identity,FALSE
consumer confidence,,Public opinion,FALSE
feasibility and availability,,Capacity and resources,FALSE
palliative care alternative,,Quality of life,FALSE
candidate intimidation,,Political,FALSE
policing procedures,,Policy prescription and evaluation,FALSE
jurisdiction,,"Legality, constitutionality and jurisprudence:",FALSE
morals,,Morality,FALSE
regulations/abuse,,Policy prescription and evaluation,FALSE
same-party candidates,,Politics,FALSE
american public,,Cultural identity,FALSE
fairness to consumers,,Fairness and equality,FALSE
tyranny of majority,,Quality of life,FALSE
human survival,,Security and defense,FALSE
species extinction,,Security and defense,FALSE
deficit reduction,,Economic,FALSE
redistribution of income,,Economic,FALSE
judicial discretion,,"Legality, constitutionality and jurisprudence",FALSE
free trade,,Economic,FALSE
government programs,,Policy prescription and evaluation,FALSE
universal jurisdiction,,"Legality, constitutionality and jurisprudence",FALSE
commercial use of info,,Economic,FALSE
demographics,,Public opinion,FALSE
means to protest,,Quality of life,FALSE
political education,,Political,FALSE
crisis,,Economic,FALSE
small government,,"Legality, constitutionality and jurisprudence",FALSE
school choice,,Quality of life,FALSE
physician judgement,,Health and safety,FALSE
imprisonment,,Crime and punishment,FALSE
moral obligation,,Morality,FALSE
clone safety,,Health and safety,FALSE
mothers' health,,Health and safety,FALSE
geoengineering ethics,,Morality,FALSE
employment,,Economic,FALSE
social security precedent,,Quality of life,FALSE
georgian governance,,"Legality, constitutionality and jurisprudence",FALSE
psychological disorders,,Health and safety,FALSE
distinct identity,,Cultural identity,FALSE
dependence culture,,Cultural identity,FALSE
state rights,,"Legality, constitutionality and jurisprudence",FALSE
recovery,,Health and safety,FALSE
survival,,Health and safety,FALSE
socio-economics,,Economic,FALSE
integrity,,Morality,FALSE
vs. tribunals,,"Legality, constitutionality and jurisprudence",FALSE
famine,,Quality of life,FALSE
corporate lobbying,,Policy prescription and evaluation,FALSE
tolerance,,"Legality, constitutionality and jurisprudence",FALSE
destination economies,,Economic,FALSE
tortured detainees,,Crime and punishment,FALSE
afghan security forces,,Security and defense,FALSE
pakistan government,,"Legality, constitutionality and jurisprudence",FALSE
general consequences,,Public opinion,FALSE
military value,,Security and defense,FALSE
obesity crisis,,Health and safety,FALSE
reducing sectarian violence,,Crime and punishment,FALSE
education/intelligence,,Quality of life,FALSE
politicizing olympics,,Political,FALSE
businesses,,Economic,FALSE
serbian opinion,,Public opinion,FALSE
treating the terminally ill,,Health and safety,FALSE
weapons,,Crime and punishment,FALSE
aid misuse and corruption vs trade drawbacks,,Policy prescription and evaluation,FALSE
threat,,Security and defense,FALSE
special-ed,,Quality of life,FALSE
consequences of a ban,,Policy prescription and evaluation,FALSE
educational achievement,,Quality of life,FALSE
teacher cheating,,Quality of life,FALSE
govt vs. markets,,Economic,FALSE
sense of safety,,Health and safety,FALSE
negatives of sanctions,,Policy prescription and evaluation,FALSE
taiwanese politics,,Political,FALSE
saving offenders,,Crime and punishment,FALSE
strategic ban,,Policy prescription and evaluation,FALSE
alcohol,,Health and safety,FALSE
world vs. us,,External regulation and reputation,FALSE
doctors,,Health and safety,FALSE
vs. gas tax,,Economic,FALSE
vs. harm reduction,,Quality of life,FALSE
social welfare effects,,Quality of life,FALSE
public credibility,,Public opinion,FALSE
portrayal of women,,Fairness and equality,FALSE
feasibility,,Capacity and resources,FALSE
sexual abuse,,Crime and punishment,FALSE
universal care,,Health and safety,FALSE
quality teachers,,Quality of life,FALSE